"ID","Name"
"65537","Google-Web"
"65538","Google-ICMP"
"65539","Google-DNS"
"65540","Google-Outbound_Email"
"65542","Google-SSH"
"65543","Google-FTP"
"65544","Google-NTP"
"65545","Google-Inbound_Email"
"65550","Google-LDAP"
"65551","Google-NetBIOS.Session.Service"
"65552","Google-RTMP"
"65560","Google-NetBIOS.Name.Service"
"65536","Google-Other"
"65641","Google-Google.Cloud"
"65643","Google-Google.Bot"
"65646","Google-Gmail"
"131073","Meta-Web"
"131074","Meta-ICMP"
"131075","Meta-DNS"
"131076","Meta-Outbound_Email"
"131078","Meta-SSH"
"131079","Meta-FTP"
"131080","Meta-NTP"
"131081","Meta-Inbound_Email"
"131086","Meta-LDAP"
"131087","Meta-NetBIOS.Session.Service"
"131088","Meta-RTMP"
"131096","Meta-NetBIOS.Name.Service"
"131072","Meta-Other"
"131184","Meta-Whatsapp"
"131189","Meta-Instagram"
"196609","Apple-Web"
"196610","Apple-ICMP"
"196611","Apple-DNS"
"196612","Apple-Outbound_Email"
"196614","Apple-SSH"
"196615","Apple-FTP"
"196616","Apple-NTP"
"196617","Apple-Inbound_Email"
"196622","Apple-LDAP"
"196623","Apple-NetBIOS.Session.Service"
"196624","Apple-RTMP"
"196632","Apple-NetBIOS.Name.Service"
"196608","Apple-Other"
"196723","Apple-App.Store"
"196747","Apple-APNs"
"262145","Yahoo-Web"
"262146","Yahoo-ICMP"
"262147","Yahoo-DNS"
"262148","Yahoo-Outbound_Email"
"262150","Yahoo-SSH"
"262151","Yahoo-FTP"
"262152","Yahoo-NTP"
"262153","Yahoo-Inbound_Email"
"262158","Yahoo-LDAP"
"262159","Yahoo-NetBIOS.Session.Service"
"262160","Yahoo-RTMP"
"262168","Yahoo-NetBIOS.Name.Service"
"262144","Yahoo-Other"
"327681","Microsoft-Web"
"327682","Microsoft-ICMP"
"327683","Microsoft-DNS"
"327684","Microsoft-Outbound_Email"
"327686","Microsoft-SSH"
"327687","Microsoft-FTP"
"327688","Microsoft-NTP"
"327689","Microsoft-Inbound_Email"
"327694","Microsoft-LDAP"
"327695","Microsoft-NetBIOS.Session.Service"
"327696","Microsoft-RTMP"
"327704","Microsoft-NetBIOS.Name.Service"
"327680","Microsoft-Other"
"327781","Microsoft-Skype_Teams"
"327782","Microsoft-Office365"
"327786","Microsoft-Azure"
"327788","Microsoft-Bing.Bot"
"327791","Microsoft-Outlook"
"327793","Microsoft-Microsoft.Update"
"327837","Microsoft-Dynamics"
"327839","Microsoft-WNS"
"327880","Microsoft-Office365.Published"
"327886","Microsoft-Intune"
"327902","Microsoft-Office365.Published.Optimize"
"327903","Microsoft-Office365.Published.Allow"
"327917","Microsoft-Office365.Published.USGOV"
"327958","Microsoft-Azure.Monitor"
"327959","Microsoft-Azure.SQL"
"327960","Microsoft-Azure.AD"
"327961","Microsoft-Azure.Data.Factory"
"327962","Microsoft-Azure.Virtual.Desktop"
"327963","Microsoft-Azure.Power.BI"
"327980","Microsoft-Azure.Connectors"
"327991","Microsoft-Teams.Published.Worldwide.Optimize"
"327992","Microsoft-Teams.Published.Worldwide.Allow"
"327993","Microsoft-Azure.Front.Door"
"328007","Microsoft-Azure.Service.Bus"
"328009","Microsoft-Azure.Microsoft.Defender"
"328013","Microsoft-Azure.Resource.Manager"
"328014","Microsoft-Azure.Arc.Infrastructure"
"328015","Microsoft-Azure.Storage"
"328016","Microsoft-Azure.ATP"
"328017","Microsoft-Azure.Traffic.Manager"
"328018","Microsoft-Azure.Windows.Admin.Center"
"328021","Microsoft-Azure.KeyVault"
"328034","Microsoft-Azure.Databricks"
"328035","Microsoft-Azure.Event.Hub"
"328043","Microsoft-Azure.Power.Platform"
"393217","Amazon-Web"
"393218","Amazon-ICMP"
"393219","Amazon-DNS"
"393220","Amazon-Outbound_Email"
"393222","Amazon-SSH"
"393223","Amazon-FTP"
"393224","Amazon-NTP"
"393225","Amazon-Inbound_Email"
"393230","Amazon-LDAP"
"393231","Amazon-NetBIOS.Session.Service"
"393232","Amazon-RTMP"
"393240","Amazon-NetBIOS.Name.Service"
"393216","Amazon-Other"
"393320","Amazon-AWS"
"393403","Amazon-AWS.WorkSpaces.Gateway"
"393446","Amazon-Twitch"
"393452","Amazon-AWS.GovCloud.US"
"393470","Amazon-AWS.EBS"
"393471","Amazon-AWS.Cloud9"
"393472","Amazon-AWS.DynamoDB"
"393473","Amazon-AWS.Route53"
"393474","Amazon-AWS.S3"
"393475","Amazon-AWS.Kinesis.Video.Streams"
"393476","Amazon-AWS.Global.Accelerator"
"393477","Amazon-AWS.EC2"
"393478","Amazon-AWS.API.Gateway"
"393479","Amazon-AWS.Chime.Voice.Connector"
"393480","Amazon-AWS.Connect"
"393481","Amazon-AWS.CloudFront"
"393482","Amazon-AWS.CodeBuild"
"393483","Amazon-AWS.Chime.Meetings"
"393484","Amazon-AWS.AppFlow"
"393493","Amazon-Amazon.SES"
"458753","eBay-Web"
"458754","eBay-ICMP"
"458755","eBay-DNS"
"458756","eBay-Outbound_Email"
"458758","eBay-SSH"
"458759","eBay-FTP"
"458760","eBay-NTP"
"458761","eBay-Inbound_Email"
"458766","eBay-LDAP"
"458767","eBay-NetBIOS.Session.Service"
"458768","eBay-RTMP"
"458776","eBay-NetBIOS.Name.Service"
"458752","eBay-Other"
"524289","PayPal-Web"
"524290","PayPal-ICMP"
"524291","PayPal-DNS"
"524292","PayPal-Outbound_Email"
"524294","PayPal-SSH"
"524295","PayPal-FTP"
"524296","PayPal-NTP"
"524297","PayPal-Inbound_Email"
"524302","PayPal-LDAP"
"524303","PayPal-NetBIOS.Session.Service"
"524304","PayPal-RTMP"
"524312","PayPal-NetBIOS.Name.Service"
"524288","PayPal-Other"
"589825","Box-Web"
"589826","Box-ICMP"
"589827","Box-DNS"
"589828","Box-Outbound_Email"
"589830","Box-SSH"
"589831","Box-FTP"
"589832","Box-NTP"
"589833","Box-Inbound_Email"
"589838","Box-LDAP"
"589839","Box-NetBIOS.Session.Service"
"589840","Box-RTMP"
"589848","Box-NetBIOS.Name.Service"
"589824","Box-Other"
"655361","Salesforce-Web"
"655362","Salesforce-ICMP"
"655363","Salesforce-DNS"
"655364","Salesforce-Outbound_Email"
"655366","Salesforce-SSH"
"655367","Salesforce-FTP"
"655368","Salesforce-NTP"
"655369","Salesforce-Inbound_Email"
"655374","Salesforce-LDAP"
"655375","Salesforce-NetBIOS.Session.Service"
"655376","Salesforce-RTMP"
"655384","Salesforce-NetBIOS.Name.Service"
"655360","Salesforce-Other"
"655530","Salesforce-Email.Relay"
"720897","Dropbox-Web"
"720898","Dropbox-ICMP"
"720899","Dropbox-DNS"
"720900","Dropbox-Outbound_Email"
"720902","Dropbox-SSH"
"720903","Dropbox-FTP"
"720904","Dropbox-NTP"
"720905","Dropbox-Inbound_Email"
"720910","Dropbox-LDAP"
"720911","Dropbox-NetBIOS.Session.Service"
"720912","Dropbox-RTMP"
"720920","Dropbox-NetBIOS.Name.Service"
"720896","Dropbox-Other"
"786433","Netflix-Web"
"786434","Netflix-ICMP"
"786435","Netflix-DNS"
"786436","Netflix-Outbound_Email"
"786438","Netflix-SSH"
"786439","Netflix-FTP"
"786440","Netflix-NTP"
"786441","Netflix-Inbound_Email"
"786446","Netflix-LDAP"
"786447","Netflix-NetBIOS.Session.Service"
"786448","Netflix-RTMP"
"786456","Netflix-NetBIOS.Name.Service"
"786432","Netflix-Other"
"851969","LinkedIn-Web"
"851970","LinkedIn-ICMP"
"851971","LinkedIn-DNS"
"851972","LinkedIn-Outbound_Email"
"851974","LinkedIn-SSH"
"851975","LinkedIn-FTP"
"851976","LinkedIn-NTP"
"851977","LinkedIn-Inbound_Email"
"851982","LinkedIn-LDAP"
"851983","LinkedIn-NetBIOS.Session.Service"
"851984","LinkedIn-RTMP"
"851992","LinkedIn-NetBIOS.Name.Service"
"851968","LinkedIn-Other"
"917505","Adobe-Web"
"917506","Adobe-ICMP"
"917507","Adobe-DNS"
"917508","Adobe-Outbound_Email"
"917510","Adobe-SSH"
"917511","Adobe-FTP"
"917512","Adobe-NTP"
"917513","Adobe-Inbound_Email"
"917518","Adobe-LDAP"
"917519","Adobe-NetBIOS.Session.Service"
"917520","Adobe-RTMP"
"917528","Adobe-NetBIOS.Name.Service"
"917504","Adobe-Other"
"917640","Adobe-Adobe.Experience.Cloud"
"917776","Adobe-Adobe.Sign"
"983041","Oracle-Web"
"983042","Oracle-ICMP"
"983043","Oracle-DNS"
"983044","Oracle-Outbound_Email"
"983046","Oracle-SSH"
"983047","Oracle-FTP"
"983048","Oracle-NTP"
"983049","Oracle-Inbound_Email"
"983054","Oracle-LDAP"
"983055","Oracle-NetBIOS.Session.Service"
"983056","Oracle-RTMP"
"983064","Oracle-NetBIOS.Name.Service"
"983040","Oracle-Other"
"983171","Oracle-Oracle.Cloud"
"1048577","Hulu-Web"
"1048578","Hulu-ICMP"
"1048579","Hulu-DNS"
"1048580","Hulu-Outbound_Email"
"1048582","Hulu-SSH"
"1048583","Hulu-FTP"
"1048584","Hulu-NTP"
"1048585","Hulu-Inbound_Email"
"1048590","Hulu-LDAP"
"1048591","Hulu-NetBIOS.Session.Service"
"1048592","Hulu-RTMP"
"1048600","Hulu-NetBIOS.Name.Service"
"1048576","Hulu-Other"
"1114113","Pinterest-Web"
"1114114","Pinterest-ICMP"
"1114115","Pinterest-DNS"
"1114116","Pinterest-Outbound_Email"
"1114118","Pinterest-SSH"
"1114119","Pinterest-FTP"
"1114120","Pinterest-NTP"
"1114121","Pinterest-Inbound_Email"
"1114126","Pinterest-LDAP"
"1114127","Pinterest-NetBIOS.Session.Service"
"1114128","Pinterest-RTMP"
"1114136","Pinterest-NetBIOS.Name.Service"
"1114112","Pinterest-Other"
"1179649","LogMeIn-Web"
"1179650","LogMeIn-ICMP"
"1179651","LogMeIn-DNS"
"1179652","LogMeIn-Outbound_Email"
"1179654","LogMeIn-SSH"
"1179655","LogMeIn-FTP"
"1179656","LogMeIn-NTP"
"1179657","LogMeIn-Inbound_Email"
"1179662","LogMeIn-LDAP"
"1179663","LogMeIn-NetBIOS.Session.Service"
"1179664","LogMeIn-RTMP"
"1179672","LogMeIn-NetBIOS.Name.Service"
"1179648","LogMeIn-Other"
"1179767","LogMeIn-GoTo.Suite"
"1245185","Fortinet-Web"
"1245186","Fortinet-ICMP"
"1245187","Fortinet-DNS"
"1245188","Fortinet-Outbound_Email"
"1245190","Fortinet-SSH"
"1245191","Fortinet-FTP"
"1245192","Fortinet-NTP"
"1245193","Fortinet-Inbound_Email"
"1245198","Fortinet-LDAP"
"1245199","Fortinet-NetBIOS.Session.Service"
"1245200","Fortinet-RTMP"
"1245208","Fortinet-NetBIOS.Name.Service"
"1245184","Fortinet-Other"
"1245324","Fortinet-FortiGuard"
"1245325","Fortinet-FortiMail.Cloud"
"1245326","Fortinet-FortiCloud"
"1245432","Fortinet-FortiVoice.Cloud"
"1245454","Fortinet-FortiGuard.Secure.DNS"
"1245475","Fortinet-FortiEDR"
"1245477","Fortinet-FortiClient.EMS"
"1245480","Fortinet-FortiWeb.Cloud"
"1245481","Fortinet-FortiSASE"
"1245514","Fortinet-FortiGuard.SOCaaS"
"1245546","Fortinet-FortiDLP.Cloud"
"1310721","Kaspersky-Web"
"1310722","Kaspersky-ICMP"
"1310723","Kaspersky-DNS"
"1310724","Kaspersky-Outbound_Email"
"1310726","Kaspersky-SSH"
"1310727","Kaspersky-FTP"
"1310728","Kaspersky-NTP"
"1310729","Kaspersky-Inbound_Email"
"1310734","Kaspersky-LDAP"
"1310735","Kaspersky-NetBIOS.Session.Service"
"1310736","Kaspersky-RTMP"
"1310744","Kaspersky-NetBIOS.Name.Service"
"1310720","Kaspersky-Other"
"1376257","McAfee-Web"
"1376258","McAfee-ICMP"
"1376259","McAfee-DNS"
"1376260","McAfee-Outbound_Email"
"1376262","McAfee-SSH"
"1376263","McAfee-FTP"
"1376264","McAfee-NTP"
"1376265","McAfee-Inbound_Email"
"1376270","McAfee-LDAP"
"1376271","McAfee-NetBIOS.Session.Service"
"1376272","McAfee-RTMP"
"1376280","McAfee-NetBIOS.Name.Service"
"1376256","McAfee-Other"
"1441793","Symantec-Web"
"1441794","Symantec-ICMP"
"1441795","Symantec-DNS"
"1441796","Symantec-Outbound_Email"
"1441798","Symantec-SSH"
"1441799","Symantec-FTP"
"1441800","Symantec-NTP"
"1441801","Symantec-Inbound_Email"
"1441806","Symantec-LDAP"
"1441807","Symantec-NetBIOS.Session.Service"
"1441808","Symantec-RTMP"
"1441816","Symantec-NetBIOS.Name.Service"
"1441792","Symantec-Other"
"1441922","Symantec-Symantec.Cloud"
"1507329","VMware-Web"
"1507330","VMware-ICMP"
"1507331","VMware-DNS"
"1507332","VMware-Outbound_Email"
"1507334","VMware-SSH"
"1507335","VMware-FTP"
"1507336","VMware-NTP"
"1507337","VMware-Inbound_Email"
"1507342","VMware-LDAP"
"1507343","VMware-NetBIOS.Session.Service"
"1507344","VMware-RTMP"
"1507352","VMware-NetBIOS.Name.Service"
"1507328","VMware-Other"
"1507461","VMware-Workspace.ONE"
"1572865","AOL-Web"
"1572866","AOL-ICMP"
"1572867","AOL-DNS"
"1572868","AOL-Outbound_Email"
"1572870","AOL-SSH"
"1572871","AOL-FTP"
"1572872","AOL-NTP"
"1572873","AOL-Inbound_Email"
"1572878","AOL-LDAP"
"1572879","AOL-NetBIOS.Session.Service"
"1572880","AOL-RTMP"
"1572888","AOL-NetBIOS.Name.Service"
"1572864","AOL-Other"
"1638401","RealNetworks-Web"
"1638402","RealNetworks-ICMP"
"1638403","RealNetworks-DNS"
"1638404","RealNetworks-Outbound_Email"
"1638406","RealNetworks-SSH"
"1638407","RealNetworks-FTP"
"1638408","RealNetworks-NTP"
"1638409","RealNetworks-Inbound_Email"
"1638414","RealNetworks-LDAP"
"1638415","RealNetworks-NetBIOS.Session.Service"
"1638416","RealNetworks-RTMP"
"1638424","RealNetworks-NetBIOS.Name.Service"
"1638400","RealNetworks-Other"
"1703937","Zoho-Web"
"1703938","Zoho-ICMP"
"1703939","Zoho-DNS"
"1703940","Zoho-Outbound_Email"
"1703942","Zoho-SSH"
"1703943","Zoho-FTP"
"1703944","Zoho-NTP"
"1703945","Zoho-Inbound_Email"
"1703950","Zoho-LDAP"
"1703951","Zoho-NetBIOS.Session.Service"
"1703952","Zoho-RTMP"
"1703960","Zoho-NetBIOS.Name.Service"
"1703936","Zoho-Other"
"1704153","Zoho-Site24x7.Monitor"
"1769473","Mozilla-Web"
"1769474","Mozilla-ICMP"
"1769475","Mozilla-DNS"
"1769476","Mozilla-Outbound_Email"
"1769478","Mozilla-SSH"
"1769479","Mozilla-FTP"
"1769480","Mozilla-NTP"
"1769481","Mozilla-Inbound_Email"
"1769486","Mozilla-LDAP"
"1769487","Mozilla-NetBIOS.Session.Service"
"1769488","Mozilla-RTMP"
"1769496","Mozilla-NetBIOS.Name.Service"
"1769472","Mozilla-Other"
"1835009","TeamViewer-Web"
"1835010","TeamViewer-ICMP"
"1835011","TeamViewer-DNS"
"1835012","TeamViewer-Outbound_Email"
"1835014","TeamViewer-SSH"
"1835015","TeamViewer-FTP"
"1835016","TeamViewer-NTP"
"1835017","TeamViewer-Inbound_Email"
"1835022","TeamViewer-LDAP"
"1835023","TeamViewer-NetBIOS.Session.Service"
"1835024","TeamViewer-RTMP"
"1835032","TeamViewer-NetBIOS.Name.Service"
"1835008","TeamViewer-Other"
"1835117","TeamViewer-TeamViewer"
"1900545","HP-Web"
"1900546","HP-ICMP"
"1900547","HP-DNS"
"1900548","HP-Outbound_Email"
"1900550","HP-SSH"
"1900551","HP-FTP"
"1900552","HP-NTP"
"1900553","HP-Inbound_Email"
"1900558","HP-LDAP"
"1900559","HP-NetBIOS.Session.Service"
"1900560","HP-RTMP"
"1900568","HP-NetBIOS.Name.Service"
"1900544","HP-Other"
"1900726","HP-Aruba"
"1966081","Cisco-Web"
"1966082","Cisco-ICMP"
"1966083","Cisco-DNS"
"1966084","Cisco-Outbound_Email"
"1966086","Cisco-SSH"
"1966087","Cisco-FTP"
"1966088","Cisco-NTP"
"1966089","Cisco-Inbound_Email"
"1966094","Cisco-LDAP"
"1966095","Cisco-NetBIOS.Session.Service"
"1966096","Cisco-RTMP"
"1966104","Cisco-NetBIOS.Name.Service"
"1966080","Cisco-Other"
"1966183","Cisco-Webex"
"1966218","Cisco-Meraki.Cloud"
"1966225","Cisco-Duo.Security"
"1966260","Cisco-AppDynamic"
"1966315","Cisco-Webex.FedRAMP"
"1966324","Cisco-Secure.Endpoint"
"2031617","IBM-Web"
"2031618","IBM-ICMP"
"2031619","IBM-DNS"
"2031620","IBM-Outbound_Email"
"2031622","IBM-SSH"
"2031623","IBM-FTP"
"2031624","IBM-NTP"
"2031625","IBM-Inbound_Email"
"2031630","IBM-LDAP"
"2031631","IBM-NetBIOS.Session.Service"
"2031632","IBM-RTMP"
"2031640","IBM-NetBIOS.Name.Service"
"2031616","IBM-Other"
"2031748","IBM-IBM.Cloud"
"2097153","Citrix-Web"
"2097154","Citrix-ICMP"
"2097155","Citrix-DNS"
"2097156","Citrix-Outbound_Email"
"2097158","Citrix-SSH"
"2097159","Citrix-FTP"
"2097160","Citrix-NTP"
"2097161","Citrix-Inbound_Email"
"2097166","Citrix-LDAP"
"2097167","Citrix-NetBIOS.Session.Service"
"2097168","Citrix-RTMP"
"2097176","Citrix-NetBIOS.Name.Service"
"2097152","Citrix-Other"
"2162689","Twitter-Web"
"2162690","Twitter-ICMP"
"2162691","Twitter-DNS"
"2162692","Twitter-Outbound_Email"
"2162694","Twitter-SSH"
"2162695","Twitter-FTP"
"2162696","Twitter-NTP"
"2162697","Twitter-Inbound_Email"
"2162702","Twitter-LDAP"
"2162703","Twitter-NetBIOS.Session.Service"
"2162704","Twitter-RTMP"
"2162712","Twitter-NetBIOS.Name.Service"
"2162688","Twitter-Other"
"2228225","Dell-Web"
"2228226","Dell-ICMP"
"2228227","Dell-DNS"
"2228228","Dell-Outbound_Email"
"2228230","Dell-SSH"
"2228231","Dell-FTP"
"2228232","Dell-NTP"
"2228233","Dell-Inbound_Email"
"2228238","Dell-LDAP"
"2228239","Dell-NetBIOS.Session.Service"
"2228240","Dell-RTMP"
"2228248","Dell-NetBIOS.Name.Service"
"2228224","Dell-Other"
"2293761","Vimeo-Web"
"2293762","Vimeo-ICMP"
"2293763","Vimeo-DNS"
"2293764","Vimeo-Outbound_Email"
"2293766","Vimeo-SSH"
"2293767","Vimeo-FTP"
"2293768","Vimeo-NTP"
"2293769","Vimeo-Inbound_Email"
"2293774","Vimeo-LDAP"
"2293775","Vimeo-NetBIOS.Session.Service"
"2293776","Vimeo-RTMP"
"2293784","Vimeo-NetBIOS.Name.Service"
"2293760","Vimeo-Other"
"2359297","Redhat-Web"
"2359298","Redhat-ICMP"
"2359299","Redhat-DNS"
"2359300","Redhat-Outbound_Email"
"2359302","Redhat-SSH"
"2359303","Redhat-FTP"
"2359304","Redhat-NTP"
"2359305","Redhat-Inbound_Email"
"2359310","Redhat-LDAP"
"2359311","Redhat-NetBIOS.Session.Service"
"2359312","Redhat-RTMP"
"2359320","Redhat-NetBIOS.Name.Service"
"2359296","Redhat-Other"
"2424833","VK-Web"
"2424834","VK-ICMP"
"2424835","VK-DNS"
"2424836","VK-Outbound_Email"
"2424838","VK-SSH"
"2424839","VK-FTP"
"2424840","VK-NTP"
"2424841","VK-Inbound_Email"
"2424846","VK-LDAP"
"2424847","VK-NetBIOS.Session.Service"
"2424848","VK-RTMP"
"2424856","VK-NetBIOS.Name.Service"
"2424832","VK-Other"
"2490369","TrendMicro-Web"
"2490370","TrendMicro-ICMP"
"2490371","TrendMicro-DNS"
"2490372","TrendMicro-Outbound_Email"
"2490374","TrendMicro-SSH"
"2490375","TrendMicro-FTP"
"2490376","TrendMicro-NTP"
"2490377","TrendMicro-Inbound_Email"
"2490382","TrendMicro-LDAP"
"2490383","TrendMicro-NetBIOS.Session.Service"
"2490384","TrendMicro-RTMP"
"2490392","TrendMicro-NetBIOS.Name.Service"
"2490368","TrendMicro-Other"
"2555905","Tencent-Web"
"2555906","Tencent-ICMP"
"2555907","Tencent-DNS"
"2555908","Tencent-Outbound_Email"
"2555910","Tencent-SSH"
"2555911","Tencent-FTP"
"2555912","Tencent-NTP"
"2555913","Tencent-Inbound_Email"
"2555918","Tencent-LDAP"
"2555919","Tencent-NetBIOS.Session.Service"
"2555920","Tencent-RTMP"
"2555928","Tencent-NetBIOS.Name.Service"
"2555904","Tencent-Other"
"2556219","Tencent-VooV.Meeting"
"2621441","Ask-Web"
"2621442","Ask-ICMP"
"2621443","Ask-DNS"
"2621444","Ask-Outbound_Email"
"2621446","Ask-SSH"
"2621447","Ask-FTP"
"2621448","Ask-NTP"
"2621449","Ask-Inbound_Email"
"2621454","Ask-LDAP"
"2621455","Ask-NetBIOS.Session.Service"
"2621456","Ask-RTMP"
"2621464","Ask-NetBIOS.Name.Service"
"2621440","Ask-Other"
"2686977","CNN-Web"
"2686978","CNN-ICMP"
"2686979","CNN-DNS"
"2686980","CNN-Outbound_Email"
"2686982","CNN-SSH"
"2686983","CNN-FTP"
"2686984","CNN-NTP"
"2686985","CNN-Inbound_Email"
"2686990","CNN-LDAP"
"2686991","CNN-NetBIOS.Session.Service"
"2686992","CNN-RTMP"
"2687000","CNN-NetBIOS.Name.Service"
"2686976","CNN-Other"
"2752513","Myspace-Web"
"2752514","Myspace-ICMP"
"2752515","Myspace-DNS"
"2752516","Myspace-Outbound_Email"
"2752518","Myspace-SSH"
"2752519","Myspace-FTP"
"2752520","Myspace-NTP"
"2752521","Myspace-Inbound_Email"
"2752526","Myspace-LDAP"
"2752527","Myspace-NetBIOS.Session.Service"
"2752528","Myspace-RTMP"
"2752536","Myspace-NetBIOS.Name.Service"
"2752512","Myspace-Other"
"2818238","Tor-Relay.Node"
"2818243","Tor-Exit.Node"
"2883585","Baidu-Web"
"2883586","Baidu-ICMP"
"2883587","Baidu-DNS"
"2883588","Baidu-Outbound_Email"
"2883590","Baidu-SSH"
"2883591","Baidu-FTP"
"2883592","Baidu-NTP"
"2883593","Baidu-Inbound_Email"
"2883598","Baidu-LDAP"
"2883599","Baidu-NetBIOS.Session.Service"
"2883600","Baidu-RTMP"
"2883608","Baidu-NetBIOS.Name.Service"
"2883584","Baidu-Other"
"2949121","ntp.org-Web"
"2949122","ntp.org-ICMP"
"2949123","ntp.org-DNS"
"2949124","ntp.org-Outbound_Email"
"2949126","ntp.org-SSH"
"2949127","ntp.org-FTP"
"2949128","ntp.org-NTP"
"2949129","ntp.org-Inbound_Email"
"2949134","ntp.org-LDAP"
"2949135","ntp.org-NetBIOS.Session.Service"
"2949136","ntp.org-RTMP"
"2949144","ntp.org-NetBIOS.Name.Service"
"2949120","ntp.org-Other"
"3014850","Proxy-Proxy.Server"
"3080383","Botnet-C&C.Server"
"3145920","Spam-Spamming.Server"
"3211457","Phishing-Phishing.Server"
"3407873","Zendesk-Web"
"3407874","Zendesk-ICMP"
"3407875","Zendesk-DNS"
"3407876","Zendesk-Outbound_Email"
"3407878","Zendesk-SSH"
"3407879","Zendesk-FTP"
"3407880","Zendesk-NTP"
"3407881","Zendesk-Inbound_Email"
"3407886","Zendesk-LDAP"
"3407887","Zendesk-NetBIOS.Session.Service"
"3407888","Zendesk-RTMP"
"3407896","Zendesk-NetBIOS.Name.Service"
"3407872","Zendesk-Other"
"3408047","Zendesk-Zendesk.Suite"
"3473409","DocuSign-Web"
"3473410","DocuSign-ICMP"
"3473411","DocuSign-DNS"
"3473412","DocuSign-Outbound_Email"
"3473414","DocuSign-SSH"
"3473415","DocuSign-FTP"
"3473416","DocuSign-NTP"
"3473417","DocuSign-Inbound_Email"
"3473422","DocuSign-LDAP"
"3473423","DocuSign-NetBIOS.Session.Service"
"3473424","DocuSign-RTMP"
"3473432","DocuSign-NetBIOS.Name.Service"
"3473408","DocuSign-Other"
"3538945","ServiceNow-Web"
"3538946","ServiceNow-ICMP"
"3538947","ServiceNow-DNS"
"3538948","ServiceNow-Outbound_Email"
"3538950","ServiceNow-SSH"
"3538951","ServiceNow-FTP"
"3538952","ServiceNow-NTP"
"3538953","ServiceNow-Inbound_Email"
"3538958","ServiceNow-LDAP"
"3538959","ServiceNow-NetBIOS.Session.Service"
"3538960","ServiceNow-RTMP"
"3538968","ServiceNow-NetBIOS.Name.Service"
"3538944","ServiceNow-Other"
"3604638","GitHub-GitHub"
"3670017","Workday-Web"
"3670018","Workday-ICMP"
"3670019","Workday-DNS"
"3670020","Workday-Outbound_Email"
"3670022","Workday-SSH"
"3670023","Workday-FTP"
"3670024","Workday-NTP"
"3670025","Workday-Inbound_Email"
"3670030","Workday-LDAP"
"3670031","Workday-NetBIOS.Session.Service"
"3670032","Workday-RTMP"
"3670040","Workday-NetBIOS.Name.Service"
"3670016","Workday-Other"
"3735553","HubSpot-Web"
"3735554","HubSpot-ICMP"
"3735555","HubSpot-DNS"
"3735556","HubSpot-Outbound_Email"
"3735558","HubSpot-SSH"
"3735559","HubSpot-FTP"
"3735560","HubSpot-NTP"
"3735561","HubSpot-Inbound_Email"
"3735566","HubSpot-LDAP"
"3735567","HubSpot-NetBIOS.Session.Service"
"3735568","HubSpot-RTMP"
"3735576","HubSpot-NetBIOS.Name.Service"
"3735552","HubSpot-Other"
"3801089","Twilio-Web"
"3801090","Twilio-ICMP"
"3801091","Twilio-DNS"
"3801092","Twilio-Outbound_Email"
"3801094","Twilio-SSH"
"3801095","Twilio-FTP"
"3801096","Twilio-NTP"
"3801097","Twilio-Inbound_Email"
"3801102","Twilio-LDAP"
"3801103","Twilio-NetBIOS.Session.Service"
"3801104","Twilio-RTMP"
"3801112","Twilio-NetBIOS.Name.Service"
"3801088","Twilio-Other"
"3801277","Twilio-Elastic.SIP.Trunking"
"3866625","Coupa-Web"
"3866626","Coupa-ICMP"
"3866627","Coupa-DNS"
"3866628","Coupa-Outbound_Email"
"3866630","Coupa-SSH"
"3866631","Coupa-FTP"
"3866632","Coupa-NTP"
"3866633","Coupa-Inbound_Email"
"3866638","Coupa-LDAP"
"3866639","Coupa-NetBIOS.Session.Service"
"3866640","Coupa-RTMP"
"3866648","Coupa-NetBIOS.Name.Service"
"3866624","Coupa-Other"
"3932161","Atlassian-Web"
"3932162","Atlassian-ICMP"
"3932163","Atlassian-DNS"
"3932164","Atlassian-Outbound_Email"
"3932166","Atlassian-SSH"
"3932167","Atlassian-FTP"
"3932168","Atlassian-NTP"
"3932169","Atlassian-Inbound_Email"
"3932174","Atlassian-LDAP"
"3932175","Atlassian-NetBIOS.Session.Service"
"3932176","Atlassian-RTMP"
"3932184","Atlassian-NetBIOS.Name.Service"
"3932160","Atlassian-Other"
"3932388","Atlassian-Atlassian.Cloud"
"3932436","Atlassian-Atlassian.Notification"
"3997697","Xero-Web"
"3997698","Xero-ICMP"
"3997699","Xero-DNS"
"3997700","Xero-Outbound_Email"
"3997702","Xero-SSH"
"3997703","Xero-FTP"
"3997704","Xero-NTP"
"3997705","Xero-Inbound_Email"
"3997710","Xero-LDAP"
"3997711","Xero-NetBIOS.Session.Service"
"3997712","Xero-RTMP"
"3997720","Xero-NetBIOS.Name.Service"
"3997696","Xero-Other"
"4063233","Zuora-Web"
"4063234","Zuora-ICMP"
"4063235","Zuora-DNS"
"4063236","Zuora-Outbound_Email"
"4063238","Zuora-SSH"
"4063239","Zuora-FTP"
"4063240","Zuora-NTP"
"4063241","Zuora-Inbound_Email"
"4063246","Zuora-LDAP"
"4063247","Zuora-NetBIOS.Session.Service"
"4063248","Zuora-RTMP"
"4063256","Zuora-NetBIOS.Name.Service"
"4063232","Zuora-Other"
"4128769","AdRoll-Web"
"4128770","AdRoll-ICMP"
"4128771","AdRoll-DNS"
"4128772","AdRoll-Outbound_Email"
"4128774","AdRoll-SSH"
"4128775","AdRoll-FTP"
"4128776","AdRoll-NTP"
"4128777","AdRoll-Inbound_Email"
"4128782","AdRoll-LDAP"
"4128783","AdRoll-NetBIOS.Session.Service"
"4128784","AdRoll-RTMP"
"4128792","AdRoll-NetBIOS.Name.Service"
"4128768","AdRoll-Other"
"4194305","Xactly-Web"
"4194306","Xactly-ICMP"
"4194307","Xactly-DNS"
"4194308","Xactly-Outbound_Email"
"4194310","Xactly-SSH"
"4194311","Xactly-FTP"
"4194312","Xactly-NTP"
"4194313","Xactly-Inbound_Email"
"4194318","Xactly-LDAP"
"4194319","Xactly-NetBIOS.Session.Service"
"4194320","Xactly-RTMP"
"4194328","Xactly-NetBIOS.Name.Service"
"4194304","Xactly-Other"
"4259841","Intuit-Web"
"4259842","Intuit-ICMP"
"4259843","Intuit-DNS"
"4259844","Intuit-Outbound_Email"
"4259846","Intuit-SSH"
"4259847","Intuit-FTP"
"4259848","Intuit-NTP"
"4259849","Intuit-Inbound_Email"
"4259854","Intuit-LDAP"
"4259855","Intuit-NetBIOS.Session.Service"
"4259856","Intuit-RTMP"
"4259864","Intuit-NetBIOS.Name.Service"
"4259840","Intuit-Other"
"4325377","Marketo-Web"
"4325378","Marketo-ICMP"
"4325379","Marketo-DNS"
"4325380","Marketo-Outbound_Email"
"4325382","Marketo-SSH"
"4325383","Marketo-FTP"
"4325384","Marketo-NTP"
"4325385","Marketo-Inbound_Email"
"4325390","Marketo-LDAP"
"4325391","Marketo-NetBIOS.Session.Service"
"4325392","Marketo-RTMP"
"4325400","Marketo-NetBIOS.Name.Service"
"4325376","Marketo-Other"
"4456449","Bill-Web"
"4456450","Bill-ICMP"
"4456451","Bill-DNS"
"4456452","Bill-Outbound_Email"
"4456454","Bill-SSH"
"4456455","Bill-FTP"
"4456456","Bill-NTP"
"4456457","Bill-Inbound_Email"
"4456462","Bill-LDAP"
"4456463","Bill-NetBIOS.Session.Service"
"4456464","Bill-RTMP"
"4456472","Bill-NetBIOS.Name.Service"
"4456448","Bill-Other"
"4521985","Shopify-Web"
"4521986","Shopify-ICMP"
"4521987","Shopify-DNS"
"4521988","Shopify-Outbound_Email"
"4521990","Shopify-SSH"
"4521991","Shopify-FTP"
"4521992","Shopify-NTP"
"4521993","Shopify-Inbound_Email"
"4521998","Shopify-LDAP"
"4521999","Shopify-NetBIOS.Session.Service"
"4522000","Shopify-RTMP"
"4522008","Shopify-NetBIOS.Name.Service"
"4521984","Shopify-Other"
"4522162","Shopify-Shopify"
"4587521","MuleSoft-Web"
"4587522","MuleSoft-ICMP"
"4587523","MuleSoft-DNS"
"4587524","MuleSoft-Outbound_Email"
"4587526","MuleSoft-SSH"
"4587527","MuleSoft-FTP"
"4587528","MuleSoft-NTP"
"4587529","MuleSoft-Inbound_Email"
"4587534","MuleSoft-LDAP"
"4587535","MuleSoft-NetBIOS.Session.Service"
"4587536","MuleSoft-RTMP"
"4587544","MuleSoft-NetBIOS.Name.Service"
"4587520","MuleSoft-Other"
"4653057","Cornerstone-Web"
"4653058","Cornerstone-ICMP"
"4653059","Cornerstone-DNS"
"4653060","Cornerstone-Outbound_Email"
"4653062","Cornerstone-SSH"
"4653063","Cornerstone-FTP"
"4653064","Cornerstone-NTP"
"4653065","Cornerstone-Inbound_Email"
"4653070","Cornerstone-LDAP"
"4653071","Cornerstone-NetBIOS.Session.Service"
"4653072","Cornerstone-RTMP"
"4653080","Cornerstone-NetBIOS.Name.Service"
"4653056","Cornerstone-Other"
"4718593","Eventbrite-Web"
"4718594","Eventbrite-ICMP"
"4718595","Eventbrite-DNS"
"4718596","Eventbrite-Outbound_Email"
"4718598","Eventbrite-SSH"
"4718599","Eventbrite-FTP"
"4718600","Eventbrite-NTP"
"4718601","Eventbrite-Inbound_Email"
"4718606","Eventbrite-LDAP"
"4718607","Eventbrite-NetBIOS.Session.Service"
"4718608","Eventbrite-RTMP"
"4718616","Eventbrite-NetBIOS.Name.Service"
"4718592","Eventbrite-Other"
"4784129","Paychex-Web"
"4784130","Paychex-ICMP"
"4784131","Paychex-DNS"
"4784132","Paychex-Outbound_Email"
"4784134","Paychex-SSH"
"4784135","Paychex-FTP"
"4784136","Paychex-NTP"
"4784137","Paychex-Inbound_Email"
"4784142","Paychex-LDAP"
"4784143","Paychex-NetBIOS.Session.Service"
"4784144","Paychex-RTMP"
"4784152","Paychex-NetBIOS.Name.Service"
"4784128","Paychex-Other"
"4849665","NewRelic-Web"
"4849666","NewRelic-ICMP"
"4849667","NewRelic-DNS"
"4849668","NewRelic-Outbound_Email"
"4849670","NewRelic-SSH"
"4849671","NewRelic-FTP"
"4849672","NewRelic-NTP"
"4849673","NewRelic-Inbound_Email"
"4849678","NewRelic-LDAP"
"4849679","NewRelic-NetBIOS.Session.Service"
"4849680","NewRelic-RTMP"
"4849688","NewRelic-NetBIOS.Name.Service"
"4849664","NewRelic-Other"
"4849970","NewRelic-Synthetic.Monitor"
"4915201","Splunk-Web"
"4915202","Splunk-ICMP"
"4915203","Splunk-DNS"
"4915204","Splunk-Outbound_Email"
"4915206","Splunk-SSH"
"4915207","Splunk-FTP"
"4915208","Splunk-NTP"
"4915209","Splunk-Inbound_Email"
"4915214","Splunk-LDAP"
"4915215","Splunk-NetBIOS.Session.Service"
"4915216","Splunk-RTMP"
"4915224","Splunk-NetBIOS.Name.Service"
"4915200","Splunk-Other"
"4980737","Domo-Web"
"4980738","Domo-ICMP"
"4980739","Domo-DNS"
"4980740","Domo-Outbound_Email"
"4980742","Domo-SSH"
"4980743","Domo-FTP"
"4980744","Domo-NTP"
"4980745","Domo-Inbound_Email"
"4980750","Domo-LDAP"
"4980751","Domo-NetBIOS.Session.Service"
"4980752","Domo-RTMP"
"4980760","Domo-NetBIOS.Name.Service"
"4980736","Domo-Other"
"5046273","FreshBooks-Web"
"5046274","FreshBooks-ICMP"
"5046275","FreshBooks-DNS"
"5046276","FreshBooks-Outbound_Email"
"5046278","FreshBooks-SSH"
"5046279","FreshBooks-FTP"
"5046280","FreshBooks-NTP"
"5046281","FreshBooks-Inbound_Email"
"5046286","FreshBooks-LDAP"
"5046287","FreshBooks-NetBIOS.Session.Service"
"5046288","FreshBooks-RTMP"
"5046296","FreshBooks-NetBIOS.Name.Service"
"5046272","FreshBooks-Other"
"5111809","Tableau-Web"
"5111810","Tableau-ICMP"
"5111811","Tableau-DNS"
"5111812","Tableau-Outbound_Email"
"5111814","Tableau-SSH"
"5111815","Tableau-FTP"
"5111816","Tableau-NTP"
"5111817","Tableau-Inbound_Email"
"5111822","Tableau-LDAP"
"5111823","Tableau-NetBIOS.Session.Service"
"5111824","Tableau-RTMP"
"5111832","Tableau-NetBIOS.Name.Service"
"5111808","Tableau-Other"
"5177345","Druva-Web"
"5177346","Druva-ICMP"
"5177347","Druva-DNS"
"5177348","Druva-Outbound_Email"
"5177350","Druva-SSH"
"5177351","Druva-FTP"
"5177352","Druva-NTP"
"5177353","Druva-Inbound_Email"
"5177358","Druva-LDAP"
"5177359","Druva-NetBIOS.Session.Service"
"5177360","Druva-RTMP"
"5177368","Druva-NetBIOS.Name.Service"
"5177344","Druva-Other"
"5242881","Act-on-Web"
"5242882","Act-on-ICMP"
"5242883","Act-on-DNS"
"5242884","Act-on-Outbound_Email"
"5242886","Act-on-SSH"
"5242887","Act-on-FTP"
"5242888","Act-on-NTP"
"5242889","Act-on-Inbound_Email"
"5242894","Act-on-LDAP"
"5242895","Act-on-NetBIOS.Session.Service"
"5242896","Act-on-RTMP"
"5242904","Act-on-NetBIOS.Name.Service"
"5242880","Act-on-Other"
"5308417","GoodData-Web"
"5308418","GoodData-ICMP"
"5308419","GoodData-DNS"
"5308420","GoodData-Outbound_Email"
"5308422","GoodData-SSH"
"5308423","GoodData-FTP"
"5308424","GoodData-NTP"
"5308425","GoodData-Inbound_Email"
"5308430","GoodData-LDAP"
"5308431","GoodData-NetBIOS.Session.Service"
"5308432","GoodData-RTMP"
"5308440","GoodData-NetBIOS.Name.Service"
"5308416","GoodData-Other"
"5373953","SurveyMonkey-Web"
"5373954","SurveyMonkey-ICMP"
"5373955","SurveyMonkey-DNS"
"5373956","SurveyMonkey-Outbound_Email"
"5373958","SurveyMonkey-SSH"
"5373959","SurveyMonkey-FTP"
"5373960","SurveyMonkey-NTP"
"5373961","SurveyMonkey-Inbound_Email"
"5373966","SurveyMonkey-LDAP"
"5373967","SurveyMonkey-NetBIOS.Session.Service"
"5373968","SurveyMonkey-RTMP"
"5373976","SurveyMonkey-NetBIOS.Name.Service"
"5373952","SurveyMonkey-Other"
"5439489","Cvent-Web"
"5439490","Cvent-ICMP"
"5439491","Cvent-DNS"
"5439492","Cvent-Outbound_Email"
"5439494","Cvent-SSH"
"5439495","Cvent-FTP"
"5439496","Cvent-NTP"
"5439497","Cvent-Inbound_Email"
"5439502","Cvent-LDAP"
"5439503","Cvent-NetBIOS.Session.Service"
"5439504","Cvent-RTMP"
"5439512","Cvent-NetBIOS.Name.Service"
"5439488","Cvent-Other"
"5505025","Blackbaud-Web"
"5505026","Blackbaud-ICMP"
"5505027","Blackbaud-DNS"
"5505028","Blackbaud-Outbound_Email"
"5505030","Blackbaud-SSH"
"5505031","Blackbaud-FTP"
"5505032","Blackbaud-NTP"
"5505033","Blackbaud-Inbound_Email"
"5505038","Blackbaud-LDAP"
"5505039","Blackbaud-NetBIOS.Session.Service"
"5505040","Blackbaud-RTMP"
"5505048","Blackbaud-NetBIOS.Name.Service"
"5505024","Blackbaud-Other"
"5570561","InsideSales-Web"
"5570562","InsideSales-ICMP"
"5570563","InsideSales-DNS"
"5570564","InsideSales-Outbound_Email"
"5570566","InsideSales-SSH"
"5570567","InsideSales-FTP"
"5570568","InsideSales-NTP"
"5570569","InsideSales-Inbound_Email"
"5570574","InsideSales-LDAP"
"5570575","InsideSales-NetBIOS.Session.Service"
"5570576","InsideSales-RTMP"
"5570584","InsideSales-NetBIOS.Name.Service"
"5570560","InsideSales-Other"
"5636097","ServiceMax-Web"
"5636098","ServiceMax-ICMP"
"5636099","ServiceMax-DNS"
"5636100","ServiceMax-Outbound_Email"
"5636102","ServiceMax-SSH"
"5636103","ServiceMax-FTP"
"5636104","ServiceMax-NTP"
"5636105","ServiceMax-Inbound_Email"
"5636110","ServiceMax-LDAP"
"5636111","ServiceMax-NetBIOS.Session.Service"
"5636112","ServiceMax-RTMP"
"5636120","ServiceMax-NetBIOS.Name.Service"
"5636096","ServiceMax-Other"
"5701633","Apptio-Web"
"5701634","Apptio-ICMP"
"5701635","Apptio-DNS"
"5701636","Apptio-Outbound_Email"
"5701638","Apptio-SSH"
"5701639","Apptio-FTP"
"5701640","Apptio-NTP"
"5701641","Apptio-Inbound_Email"
"5701646","Apptio-LDAP"
"5701647","Apptio-NetBIOS.Session.Service"
"5701648","Apptio-RTMP"
"5701656","Apptio-NetBIOS.Name.Service"
"5701632","Apptio-Other"
"5767169","Veracode-Web"
"5767170","Veracode-ICMP"
"5767171","Veracode-DNS"
"5767172","Veracode-Outbound_Email"
"5767174","Veracode-SSH"
"5767175","Veracode-FTP"
"5767176","Veracode-NTP"
"5767177","Veracode-Inbound_Email"
"5767182","Veracode-LDAP"
"5767183","Veracode-NetBIOS.Session.Service"
"5767184","Veracode-RTMP"
"5767192","Veracode-NetBIOS.Name.Service"
"5767168","Veracode-Other"
"5832705","Anaplan-Web"
"5832706","Anaplan-ICMP"
"5832707","Anaplan-DNS"
"5832708","Anaplan-Outbound_Email"
"5832710","Anaplan-SSH"
"5832711","Anaplan-FTP"
"5832712","Anaplan-NTP"
"5832713","Anaplan-Inbound_Email"
"5832718","Anaplan-LDAP"
"5832719","Anaplan-NetBIOS.Session.Service"
"5832720","Anaplan-RTMP"
"5832728","Anaplan-NetBIOS.Name.Service"
"5832704","Anaplan-Other"
"5898241","Rapid7-Web"
"5898242","Rapid7-ICMP"
"5898243","Rapid7-DNS"
"5898244","Rapid7-Outbound_Email"
"5898246","Rapid7-SSH"
"5898247","Rapid7-FTP"
"5898248","Rapid7-NTP"
"5898249","Rapid7-Inbound_Email"
"5898254","Rapid7-LDAP"
"5898255","Rapid7-NetBIOS.Session.Service"
"5898256","Rapid7-RTMP"
"5898264","Rapid7-NetBIOS.Name.Service"
"5898240","Rapid7-Other"
"5898406","Rapid7-Scanner"
"5963927","AnyDesk-AnyDesk"
"6029426","ESET-Eset.Service"
"6094849","Slack-Web"
"6094850","Slack-ICMP"
"6094851","Slack-DNS"
"6094852","Slack-Outbound_Email"
"6094854","Slack-SSH"
"6094855","Slack-FTP"
"6094856","Slack-NTP"
"6094857","Slack-Inbound_Email"
"6094862","Slack-LDAP"
"6094863","Slack-NetBIOS.Session.Service"
"6094864","Slack-RTMP"
"6094872","Slack-NetBIOS.Name.Service"
"6094848","Slack-Other"
"6095024","Slack-Slack"
"6160385","ADP-Web"
"6160386","ADP-ICMP"
"6160387","ADP-DNS"
"6160388","ADP-Outbound_Email"
"6160390","ADP-SSH"
"6160391","ADP-FTP"
"6160392","ADP-NTP"
"6160393","ADP-Inbound_Email"
"6160398","ADP-LDAP"
"6160399","ADP-NetBIOS.Session.Service"
"6160400","ADP-RTMP"
"6160408","ADP-NetBIOS.Name.Service"
"6160384","ADP-Other"
"6225921","Blackboard-Web"
"6225922","Blackboard-ICMP"
"6225923","Blackboard-DNS"
"6225924","Blackboard-Outbound_Email"
"6225926","Blackboard-SSH"
"6225927","Blackboard-FTP"
"6225928","Blackboard-NTP"
"6225929","Blackboard-Inbound_Email"
"6225934","Blackboard-LDAP"
"6225935","Blackboard-NetBIOS.Session.Service"
"6225936","Blackboard-RTMP"
"6225944","Blackboard-NetBIOS.Name.Service"
"6225920","Blackboard-Other"
"6291457","SAP-Web"
"6291458","SAP-ICMP"
"6291459","SAP-DNS"
"6291460","SAP-Outbound_Email"
"6291462","SAP-SSH"
"6291463","SAP-FTP"
"6291464","SAP-NTP"
"6291465","SAP-Inbound_Email"
"6291470","SAP-LDAP"
"6291471","SAP-NetBIOS.Session.Service"
"6291472","SAP-RTMP"
"6291480","SAP-NetBIOS.Name.Service"
"6291456","SAP-Other"
"6291612","SAP-HANA"
"6291618","SAP-SuccessFactors"
"6291766","SAP-SAP.Ariba"
"6357108","Snap-Snapchat"
"6422646","Zoom.us-Zoom.Meeting"
"6488065","Sophos-Web"
"6488066","Sophos-ICMP"
"6488067","Sophos-DNS"
"6488068","Sophos-Outbound_Email"
"6488070","Sophos-SSH"
"6488071","Sophos-FTP"
"6488072","Sophos-NTP"
"6488073","Sophos-Inbound_Email"
"6488078","Sophos-LDAP"
"6488079","Sophos-NetBIOS.Session.Service"
"6488080","Sophos-RTMP"
"6488088","Sophos-NetBIOS.Name.Service"
"6488064","Sophos-Other"
"6553601","Cloudflare-Web"
"6553602","Cloudflare-ICMP"
"6553603","Cloudflare-DNS"
"6553604","Cloudflare-Outbound_Email"
"6553606","Cloudflare-SSH"
"6553607","Cloudflare-FTP"
"6553608","Cloudflare-NTP"
"6553609","Cloudflare-Inbound_Email"
"6553614","Cloudflare-LDAP"
"6553615","Cloudflare-NetBIOS.Session.Service"
"6553616","Cloudflare-RTMP"
"6553624","Cloudflare-NetBIOS.Name.Service"
"6553600","Cloudflare-Other"
"6553737","Cloudflare-CDN"
"6619256","Pexip-Pexip.Meeting"
"6684673","Zscaler-Web"
"6684674","Zscaler-ICMP"
"6684675","Zscaler-DNS"
"6684676","Zscaler-Outbound_Email"
"6684678","Zscaler-SSH"
"6684679","Zscaler-FTP"
"6684680","Zscaler-NTP"
"6684681","Zscaler-Inbound_Email"
"6684686","Zscaler-LDAP"
"6684687","Zscaler-NetBIOS.Session.Service"
"6684688","Zscaler-RTMP"
"6684696","Zscaler-NetBIOS.Name.Service"
"6684672","Zscaler-Other"
"6684793","Zscaler-Zscaler.Cloud"
"6750209","Yandex-Web"
"6750210","Yandex-ICMP"
"6750211","Yandex-DNS"
"6750212","Yandex-Outbound_Email"
"6750214","Yandex-SSH"
"6750215","Yandex-FTP"
"6750216","Yandex-NTP"
"6750217","Yandex-Inbound_Email"
"6750222","Yandex-LDAP"
"6750223","Yandex-NetBIOS.Session.Service"
"6750224","Yandex-RTMP"
"6750232","Yandex-NetBIOS.Name.Service"
"6750208","Yandex-Other"
"6815745","mail.ru-Web"
"6815746","mail.ru-ICMP"
"6815747","mail.ru-DNS"
"6815748","mail.ru-Outbound_Email"
"6815750","mail.ru-SSH"
"6815751","mail.ru-FTP"
"6815752","mail.ru-NTP"
"6815753","mail.ru-Inbound_Email"
"6815758","mail.ru-LDAP"
"6815759","mail.ru-NetBIOS.Session.Service"
"6815760","mail.ru-RTMP"
"6815768","mail.ru-NetBIOS.Name.Service"
"6815744","mail.ru-Other"
"6881281","Alibaba-Web"
"6881282","Alibaba-ICMP"
"6881283","Alibaba-DNS"
"6881284","Alibaba-Outbound_Email"
"6881286","Alibaba-SSH"
"6881287","Alibaba-FTP"
"6881288","Alibaba-NTP"
"6881289","Alibaba-Inbound_Email"
"6881294","Alibaba-LDAP"
"6881295","Alibaba-NetBIOS.Session.Service"
"6881296","Alibaba-RTMP"
"6881304","Alibaba-NetBIOS.Name.Service"
"6881280","Alibaba-Other"
"6881402","Alibaba-Alibaba.Cloud"
"6881623","Alibaba-DingTalk"
"6946817","GoDaddy-Web"
"6946818","GoDaddy-ICMP"
"6946819","GoDaddy-DNS"
"6946820","GoDaddy-Outbound_Email"
"6946822","GoDaddy-SSH"
"6946823","GoDaddy-FTP"
"6946824","GoDaddy-NTP"
"6946825","GoDaddy-Inbound_Email"
"6946830","GoDaddy-LDAP"
"6946831","GoDaddy-NetBIOS.Session.Service"
"6946832","GoDaddy-RTMP"
"6946840","GoDaddy-NetBIOS.Name.Service"
"6946816","GoDaddy-Other"
"6946939","GoDaddy-GoDaddy.Email"
"7012353","Bluejeans-Web"
"7012354","Bluejeans-ICMP"
"7012355","Bluejeans-DNS"
"7012356","Bluejeans-Outbound_Email"
"7012358","Bluejeans-SSH"
"7012359","Bluejeans-FTP"
"7012360","Bluejeans-NTP"
"7012361","Bluejeans-Inbound_Email"
"7012366","Bluejeans-LDAP"
"7012367","Bluejeans-NetBIOS.Session.Service"
"7012368","Bluejeans-RTMP"
"7012376","Bluejeans-NetBIOS.Name.Service"
"7012352","Bluejeans-Other"
"7012476","Bluejeans-Bluejeans.Meeting"
"7078013","Webroot-Webroot.SecureAnywhere"
"7143425","Avast-Web"
"7143426","Avast-ICMP"
"7143427","Avast-DNS"
"7143428","Avast-Outbound_Email"
"7143430","Avast-SSH"
"7143431","Avast-FTP"
"7143432","Avast-NTP"
"7143433","Avast-Inbound_Email"
"7143438","Avast-LDAP"
"7143439","Avast-NetBIOS.Session.Service"
"7143440","Avast-RTMP"
"7143448","Avast-NetBIOS.Name.Service"
"7143424","Avast-Other"
"7143550","Avast-Avast.Security"
"7208961","Wetransfer-Web"
"7208962","Wetransfer-ICMP"
"7208963","Wetransfer-DNS"
"7208964","Wetransfer-Outbound_Email"
"7208966","Wetransfer-SSH"
"7208967","Wetransfer-FTP"
"7208968","Wetransfer-NTP"
"7208969","Wetransfer-Inbound_Email"
"7208974","Wetransfer-LDAP"
"7208975","Wetransfer-NetBIOS.Session.Service"
"7208976","Wetransfer-RTMP"
"7208984","Wetransfer-NetBIOS.Name.Service"
"7208960","Wetransfer-Other"
"7274623","Sendgrid-Sendgrid.Email"
"7340160","Ubiquiti-UniFi"
"7405697","Lifesize-Lifesize.Cloud"
"7471105","Okta-Web"
"7471106","Okta-ICMP"
"7471107","Okta-DNS"
"7471108","Okta-Outbound_Email"
"7471110","Okta-SSH"
"7471111","Okta-FTP"
"7471112","Okta-NTP"
"7471113","Okta-Inbound_Email"
"7471118","Okta-LDAP"
"7471119","Okta-NetBIOS.Session.Service"
"7471120","Okta-RTMP"
"7471128","Okta-NetBIOS.Name.Service"
"7471104","Okta-Other"
"7471307","Okta-Okta"
"7536641","Cybozu-Web"
"7536642","Cybozu-ICMP"
"7536643","Cybozu-DNS"
"7536644","Cybozu-Outbound_Email"
"7536646","Cybozu-SSH"
"7536647","Cybozu-FTP"
"7536648","Cybozu-NTP"
"7536649","Cybozu-Inbound_Email"
"7536654","Cybozu-LDAP"
"7536655","Cybozu-NetBIOS.Session.Service"
"7536656","Cybozu-RTMP"
"7536664","Cybozu-NetBIOS.Name.Service"
"7536640","Cybozu-Other"
"7602177","VNC-Web"
"7602178","VNC-ICMP"
"7602179","VNC-DNS"
"7602180","VNC-Outbound_Email"
"7602182","VNC-SSH"
"7602183","VNC-FTP"
"7602184","VNC-NTP"
"7602185","VNC-Inbound_Email"
"7602190","VNC-LDAP"
"7602191","VNC-NetBIOS.Session.Service"
"7602192","VNC-RTMP"
"7602200","VNC-NetBIOS.Name.Service"
"7602176","VNC-Other"
"7667846","Egnyte-Egnyte"
"7733383","CrowdStrike-CrowdStrike.Falcon.Cloud"
"7798785","Aruba.it-Web"
"7798786","Aruba.it-ICMP"
"7798787","Aruba.it-DNS"
"7798788","Aruba.it-Outbound_Email"
"7798790","Aruba.it-SSH"
"7798791","Aruba.it-FTP"
"7798792","Aruba.it-NTP"
"7798793","Aruba.it-Inbound_Email"
"7798798","Aruba.it-LDAP"
"7798799","Aruba.it-NetBIOS.Session.Service"
"7798800","Aruba.it-RTMP"
"7798808","Aruba.it-NetBIOS.Name.Service"
"7798784","Aruba.it-Other"
"7864321","ISLOnline-Web"
"7864322","ISLOnline-ICMP"
"7864323","ISLOnline-DNS"
"7864324","ISLOnline-Outbound_Email"
"7864326","ISLOnline-SSH"
"7864327","ISLOnline-FTP"
"7864328","ISLOnline-NTP"
"7864329","ISLOnline-Inbound_Email"
"7864334","ISLOnline-LDAP"
"7864335","ISLOnline-NetBIOS.Session.Service"
"7864336","ISLOnline-RTMP"
"7864344","ISLOnline-NetBIOS.Name.Service"
"7864320","ISLOnline-Other"
"7864667","ISLOnline-ISLOnline"
"7929993","Akamai-CDN"
"7930148","Akamai-Linode.Cloud"
"7995529","Rackspace-CDN"
"8061065","Instart-CDN"
"8126465","Bitdefender-Web"
"8126466","Bitdefender-ICMP"
"8126467","Bitdefender-DNS"
"8126468","Bitdefender-Outbound_Email"
"8126470","Bitdefender-SSH"
"8126471","Bitdefender-FTP"
"8126472","Bitdefender-NTP"
"8126473","Bitdefender-Inbound_Email"
"8126478","Bitdefender-LDAP"
"8126479","Bitdefender-NetBIOS.Session.Service"
"8126480","Bitdefender-RTMP"
"8126488","Bitdefender-NetBIOS.Name.Service"
"8126464","Bitdefender-Other"
"8192001","Pingdom-Web"
"8192002","Pingdom-ICMP"
"8192003","Pingdom-DNS"
"8192004","Pingdom-Outbound_Email"
"8192006","Pingdom-SSH"
"8192007","Pingdom-FTP"
"8192008","Pingdom-NTP"
"8192009","Pingdom-Inbound_Email"
"8192014","Pingdom-LDAP"
"8192015","Pingdom-NetBIOS.Session.Service"
"8192016","Pingdom-RTMP"
"8192024","Pingdom-NetBIOS.Name.Service"
"8192000","Pingdom-Other"
"8257537","UptimeRobot-Web"
"8257538","UptimeRobot-ICMP"
"8257539","UptimeRobot-DNS"
"8257540","UptimeRobot-Outbound_Email"
"8257542","UptimeRobot-SSH"
"8257543","UptimeRobot-FTP"
"8257544","UptimeRobot-NTP"
"8257545","UptimeRobot-Inbound_Email"
"8257550","UptimeRobot-LDAP"
"8257551","UptimeRobot-NetBIOS.Session.Service"
"8257552","UptimeRobot-RTMP"
"8257560","UptimeRobot-NetBIOS.Name.Service"
"8257536","UptimeRobot-Other"
"8257709","UptimeRobot-UptimeRobot.Monitor"
"8323073","Quovadisglobal-Web"
"8323074","Quovadisglobal-ICMP"
"8323075","Quovadisglobal-DNS"
"8323076","Quovadisglobal-Outbound_Email"
"8323078","Quovadisglobal-SSH"
"8323079","Quovadisglobal-FTP"
"8323080","Quovadisglobal-NTP"
"8323081","Quovadisglobal-Inbound_Email"
"8323086","Quovadisglobal-LDAP"
"8323087","Quovadisglobal-NetBIOS.Session.Service"
"8323088","Quovadisglobal-RTMP"
"8323096","Quovadisglobal-NetBIOS.Name.Service"
"8323072","Quovadisglobal-Other"
"8388751","Splashtop-Splashtop"
"8454145","Zoox-Web"
"8454146","Zoox-ICMP"
"8454147","Zoox-DNS"
"8454148","Zoox-Outbound_Email"
"8454150","Zoox-SSH"
"8454151","Zoox-FTP"
"8454152","Zoox-NTP"
"8454153","Zoox-Inbound_Email"
"8454158","Zoox-LDAP"
"8454159","Zoox-NetBIOS.Session.Service"
"8454160","Zoox-RTMP"
"8454168","Zoox-NetBIOS.Name.Service"
"8454144","Zoox-Other"
"8519681","Skyfii-Web"
"8519682","Skyfii-ICMP"
"8519683","Skyfii-DNS"
"8519684","Skyfii-Outbound_Email"
"8519686","Skyfii-SSH"
"8519687","Skyfii-FTP"
"8519688","Skyfii-NTP"
"8519689","Skyfii-Inbound_Email"
"8519694","Skyfii-LDAP"
"8519695","Skyfii-NetBIOS.Session.Service"
"8519696","Skyfii-RTMP"
"8519704","Skyfii-NetBIOS.Name.Service"
"8519680","Skyfii-Other"
"8585217","CoffeeBean-Web"
"8585218","CoffeeBean-ICMP"
"8585219","CoffeeBean-DNS"
"8585220","CoffeeBean-Outbound_Email"
"8585222","CoffeeBean-SSH"
"8585223","CoffeeBean-FTP"
"8585224","CoffeeBean-NTP"
"8585225","CoffeeBean-Inbound_Email"
"8585230","CoffeeBean-LDAP"
"8585231","CoffeeBean-NetBIOS.Session.Service"
"8585232","CoffeeBean-RTMP"
"8585240","CoffeeBean-NetBIOS.Name.Service"
"8585216","CoffeeBean-Other"
"8650753","Cloud4Wi-Web"
"8650754","Cloud4Wi-ICMP"
"8650755","Cloud4Wi-DNS"
"8650756","Cloud4Wi-Outbound_Email"
"8650758","Cloud4Wi-SSH"
"8650759","Cloud4Wi-FTP"
"8650760","Cloud4Wi-NTP"
"8650761","Cloud4Wi-Inbound_Email"
"8650766","Cloud4Wi-LDAP"
"8650767","Cloud4Wi-NetBIOS.Session.Service"
"8650768","Cloud4Wi-RTMP"
"8650776","Cloud4Wi-NetBIOS.Name.Service"
"8650752","Cloud4Wi-Other"
"8716432","Panda-Panda.Security"
"8781970","Ewon-Talk2M"
"8847507","Nutanix-Nutanix.Cloud"
"8912897","Backblaze-Web"
"8912898","Backblaze-ICMP"
"8912899","Backblaze-DNS"
"8912900","Backblaze-Outbound_Email"
"8912902","Backblaze-SSH"
"8912903","Backblaze-FTP"
"8912904","Backblaze-NTP"
"8912905","Backblaze-Inbound_Email"
"8912910","Backblaze-LDAP"
"8912911","Backblaze-NetBIOS.Session.Service"
"8912912","Backblaze-RTMP"
"8912920","Backblaze-NetBIOS.Name.Service"
"8912896","Backblaze-Other"
"8978580","Extreme-Extreme.Cloud"
"9043969","XING-Web"
"9043970","XING-ICMP"
"9043971","XING-DNS"
"9043972","XING-Outbound_Email"
"9043974","XING-SSH"
"9043975","XING-FTP"
"9043976","XING-NTP"
"9043977","XING-Inbound_Email"
"9043982","XING-LDAP"
"9043983","XING-NetBIOS.Session.Service"
"9043984","XING-RTMP"
"9043992","XING-NetBIOS.Name.Service"
"9043968","XING-Other"
"9109653","Genesys-PureCloud"
"9175190","BlackBerry-Cylance"
"9240728","DigiCert-OCSP"
"9306265","Infomaniak-SwissTransfer"
"9371802","Fuze-Fuze"
"9437339","Truecaller-Truecaller"
"9502872","GlobalSign-OCSP"
"9568408","VeriSign-OCSP"
"9633952","Sony-PlayStation.Network"
"9699489","Acronis-Cyber.Cloud"
"9765027","RingCentral-RingCentral"
"9830564","FSecure-FSecure"
"9896101","Kaseya-Kaseya.Cloud"
"9961638","Shodan-Scanner"
"10027174","Censys-Scanner"
"10092711","Valve-Steam"
"10158248","YouSeeU-Bongo"
"10223785","Cato-Cato.Cloud"
"10289323","SolarWinds-SpamExperts"
"10289326","SolarWinds-Pingdom.Probe"
"10289379","SolarWinds-SolarWinds.RMM"
"10354860","8X8-8X8.Cloud"
"10420401","Zattoo-Zattoo.TV"
"10485939","Datto-Datto.RMM"
"10486083","Datto-Datto.BCDR"
"10551477","Barracuda-Barracuda.Cloud"
"10617015","Naver-Line"
"10682552","Disney-Disney+"
"10748089","DNS-DoH_DoT"
"10748156","DNS-Root.Name.Servers"
"10748206","DNS-ARPA.Name.Servers"
"10813626","Quad9-Quad9.Standard.DNS"
"10879142","Stretchoid-Scanner"
"10944700","Poly-RealConnect.Service"
"11010249","Telegram-Telegram"
"11075786","Spotify-Spotify"
"11141324","NextDNS-NextDNS"
"11206793","Fastly-CDN"
"11272397","Neustar-UltraDNS.Probes"
"11337935","Malicious-Malicious.Server"
"11403472","NIST-ITS"
"11469009","Jamf-Jamf.Cloud"
"11534546","Alcatel.Lucent-Rainbow"
"11600083","Forcepoint-Forcepoint.Cloud"
"11665620","Datadog-Datadog"
"11731157","Mimecast-Mimecast"
"11796481","MediaFire-Web"
"11796482","MediaFire-ICMP"
"11796483","MediaFire-DNS"
"11796484","MediaFire-Outbound_Email"
"11796486","MediaFire-SSH"
"11796487","MediaFire-FTP"
"11796488","MediaFire-NTP"
"11796489","MediaFire-Inbound_Email"
"11796494","MediaFire-LDAP"
"11796495","MediaFire-NetBIOS.Session.Service"
"11796496","MediaFire-RTMP"
"11796504","MediaFire-NetBIOS.Name.Service"
"11796480","MediaFire-Other"
"11862230","Pandora-Pandora"
"11927767","SiriusXM-SiriusXM"
"11993304","Hopin-Hopin"
"12058842","RedShield-RedShield.Cloud"
"12124326","InterneTTL-Scanner"
"12189915","VadeSecure-VadeSecure.Cloud"
"12255452","Netskope-Netskope.Cloud"
"12320989","ClickMeeting-ClickMeeting"
"12386528","Tenable-Tenable.io.Cloud.Scanner"
"12452065","Vidyo-VidyoCloud"
"12517602","OpenNIC-OpenNIC.DNS"
"12583141","Sectigo-Sectigo"
"12648679","DigitalOcean-DigitalOcean.Platform"
"12714216","Pitney.Bowes-Pitney.Bowes.Data.Center"
"12779753","VPN-Anonymous.VPN"
"12845290","Blockchain-Crypto.Mining.Pool"
"12910830","FactSet-FactSet"
"12976367","Bloomberg-Bloomberg"
"13041904","Five9-Five9"
"13107441","Gigas-Gigas.Cloud"
"13172978","Imperva-Imperva.Cloud.WAF"
"13238515","INAP-INAP"
"13304053","Azion-Azion.Platform"
"13369590","Hurricane.Electric-Hurricane.Electric.Internet.Services"
"13435127","NodePing-NodePing.Probe"
"13500665","Frontline-Frontline"
"13566202","Tally-Tally.ERP"
"13631739","Hosting-Bulletproof.Hosting"
"13697277","Okko-Okko.TV"
"13762829","Voximplant-Voximplant.Platform"
"13828367","OVHcloud-OVHcloud"
"13828461","OVHcloud-OVH.Telecom"
"13893905","SentinelOne-SentinelOne.Cloud"
"13959442","Kakao-Kakao.Services"
"14024979","Stripe-Stripe"
"14090406","NetScout-Scanner"
"14155942","Recyber-Scanner"
"14221478","Cyber.Casa-Scanner"
"14287132","GTHost-Dedicated.Instant.Servers"
"14352669","ivi-ivi.Streaming"
"14418086","BinaryEdge-Scanner"
"14483742","Fintech-MarketMap.Terminal"
"14549279","xMatters-xMatters.Platform"
"14614816","Blizzard-Battle.Net"
"14680353","Axon-Evidence"
"14745737","CDN77-CDN"
"14811273","GCore.Labs-CDN"
"14876962","Matrix42-FastViewer"
"14942345","Bunny.net-CDN"
"15007881","StackPath-CDN"
"15073417","Edgio-CDN"
"15138953","CacheFly-CDN"
"15204646","Paylocity-Paylocity"
"15270183","Qualys-Qualys.Cloud.Platform"
"15335425","Dailymotion-Web"
"15335426","Dailymotion-ICMP"
"15335427","Dailymotion-DNS"
"15335428","Dailymotion-Outbound_Email"
"15335430","Dailymotion-SSH"
"15335431","Dailymotion-FTP"
"15335432","Dailymotion-NTP"
"15335433","Dailymotion-Inbound_Email"
"15335438","Dailymotion-LDAP"
"15335439","Dailymotion-NetBIOS.Session.Service"
"15335440","Dailymotion-RTMP"
"15335448","Dailymotion-NetBIOS.Name.Service"
"15335424","Dailymotion-Other"
"15401258","LaunchDarkly-LaunchDarkly.Platform"
"15466633","Medianova-CDN"
"15532331","NetDocuments-NetDocuments.Platform"
"15597869","Vonage-Vonage.Contact.Center"
"15597872","Vonage-Vonage.Video.API"
"15663407","Veritas-Enterprise.Vault.Cloud"
"15728806","UK.NCSC-Scanner"
"15794481","Restream-Restream.Platform"
"15860019","ArcticWolf-ArcticWolf.Cloud"
"15925556","CounterPath-Bria"
"15990950","CriminalIP-Scanner"
"16056629","IPFS-IPFS.Gateway"
"16122022","Internet.Census.Group-Scanner"
"16187706","Performive-Performive.Cloud"
"16253244","OneLogin-OneLogin"
"16318630","Shadowserver-Scanner"
"16384317","Turkcell-Suit.Conference"
"16449702","LeakIX-Scanner"
"16515390","Infoblox-BloxOne"
"16580927","Nice-CXone"
"16646464","Hetzner-Hetzner.Hosting.Service"
"16712001","ThreatLocker-ThreatLocker"
"16777538","ZPE-ZPE.Cloud"
"16843076","ColoCrossing-ColoCrossing.Hosting.Service"
"16908613","Sinch-Mailgun"
"16974150","SpaceX-Starlink"
"17039688","Ingenuity-Ingenuity.Cloud.Service"
"17105227","Skyhigh.Security-Secure.Web.Gateway"
"17170764","Stark.Industries-Stark.Industries.Hosting.Service"
"17236307","StatusCake-StatusCake.Monitor"
"17301844","NAP-NAPLAN"
"17367382","Elastic-Elastic.Cloud"
"17432920","NFON-NFON"
"17498457","SERVERD-SERVERD.Hosting.Service"
"17563994","MEGA-MEGA.Cloud"
"17629350","Hadrian-Scanner"
"17695068","Dotcom.Monitor-Dotcom.Monitor"
"17760605","Ahrefs-AhrefsBot"
"17826142","Semrush-SemrushBot"
"17891679","Zero.Networks-Zero.Networks"
"17957216","Vultr-Vultr.Cloud"
"18022753","EGI-EGI.Hosting.Service"
"18088102","ONYPHE-Scanner"
"18153828","Proofpoint-Proofpoint"
"18219365","Lookout-Lookout.Cloud"
"18284902","Heimdal-Heimdal.Security"
"18350439","Yealink-Yealink.Meeting"
"18415976","Secomea-Secomea"
"18481513","CallTower-CT.Cloud"
"18547052","OpenAI-OpenAI.Bot"
"18612590","Alpemix-Alpemix"
"18678127","M247-M247.Hosting.Service"
"18743664","Quintex-Quintex.Hosting.Service"
"18809201","Aeza-Aeza.Hosting.Service"
"18874738","Amanah-Amanah.Hosting.Service"
"18940275","ByteDance-Lark"
